nodo,campus,capa,btw_norm,es_articulacion,en_corte,danio_cascada_norm,ICC,rank
INTERNET-MPLS,Nube MPLS,wan,0.8185,1,1,0.9091,0.9183,1
ROUTER-CAMPUS-HUAYNA-CAPAC,Campus Paraiso,wan,0.8199,1,1,0.0909,0.7551,2
CPAR-C10,Campus Paraiso,core,0.9049,1,0,0.0909,0.5849,3
DATCC-2A-C3,Campus Central,core,1.0,0,0,0.8182,0.5136,4
ROUTER-CAMPUS-YANUNCAY,Campus Yanuncay,wan,0.286,1,0,0.0909,0.3683,5
AGRPRI-1A-D10,Campus Yanuncay,agregacion,0.2718,1,0,0.0909,0.3633,6
CC-ARQUITECTURA-D107,Campus Central,agregacion,0.2714,1,0,0.0909,0.3632,7
BAL-AUL2-D1,Campus Balzay,agregacion,0.2478,1,0,0.0909,0.3549,8
CP-EADMINA1-D6,Campus Paraiso,agregacion,0.1994,1,0,0.0909,0.338,9
CP-ODONTOLOGIA-D4,Campus Paraiso,agregacion,0.1988,1,0,0.0909,0.3378,10
PE2-CENTRAL,Campus Central,wan,0.6449,0,0,0.5455,0.3348,11
ROUTER-CAMPUS-PARAISO,Campus Paraiso,wan,0.2279,0,1,0.2727,0.3343,12
CC-MONJAS-D126,Campus Central,agregacion,0.1748,1,0,0.0909,0.3294,13
FORTIGATE-1800F-CENTRAL,Campus Central,interconexion,0.417,0,0,0.9091,0.3278,14
CP-POSGRADO-D2,Campus Paraiso,agregacion,0.1503,1,0,0.0909,0.3208,15
CB-EADMI-D6,Campus Balzay,agregacion,0.15,1,0,0.0909,0.3207,16
CC-ECONOMIA-D51,Campus Central,agregacion,0.15,1,0,0.0909,0.3207,17
FORTIGATE-1800F-BALZAY,Campus Balzay,interconexion,0.3336,0,0,1.0,0.3167,18
BAL-CENTEC-D2,Campus Balzay,agregacion,0.1257,1,0,0.0909,0.3122,19
CC-ADM-D40,Campus Central,agregacion,0.1257,1,0,0.0909,0.3122,20
CP-TECMEDICO-D3,Campus Paraiso,agregacion,0.1256,1,0,0.0909,0.3121,21
CP-INVESTIGACION-D5,Campus Paraiso,agregacion,0.1256,1,0,0.0909,0.3121,22
CC-FILOSOFIA-A-D108,Campus Central,agregacion,0.1253,1,0,0.0909,0.312,23
BAL-AUL1-D4,Campus Balzay,agregacion,0.1009,1,0,0.0909,0.3035,24
HOS-0A-D05,Campus Hospitalidad,agregacion,0.1009,1,0,0.0909,0.3035,25
CC-JURISPRUDENCIA-D110,Campus Central,agregacion,0.1009,1,0,0.0909,0.3035,26
CC-QUIMICA-D109,Campus Central,agregacion,0.1007,1,0,0.0909,0.3034,27
CC-PROMAS-D31,Campus Central,agregacion,0.0757,1,0,0.0909,0.2947,28
CC-AETUC-D30,Campus Central,agregacion,0.0757,1,0,0.0909,0.2947,29
CP-ENFERMERIA-D1,Campus Paraiso,agregacion,0.0757,1,0,0.0909,0.2947,30
TECQUI-0A-A10,Campus Central,acceso,0.0507,1,0,0.0909,0.2859,31
POST-1A-A64,Campus Central,acceso,0.0506,1,0,0.0909,0.2859,32
ODO-0C-A53,Campus Paraiso,acceso,0.0507,1,0,0.0909,0.2859,33
BAL-EADM-D3,Campus Balzay,agregacion,0.0506,1,0,0.0909,0.2859,34
CC-FILOSOFIA-B-D111,Campus Central,agregacion,0.0507,1,0,0.0909,0.2859,35
CCJ-CJURIDICO-D4,Campus Central,agregacion,0.0507,1,0,0.0909,0.2859,36
CC-PSICOLOGIA-D125,Campus Central,agregacion,0.0507,1,0,0.0909,0.2859,37
CC-BIBLIOTECA-D112,Campus Central,agregacion,0.0507,1,0,0.0909,0.2859,38
DT-0A-C13,Campus Balzay,core,0.5003,0,0,0.5455,0.2842,39
ARQ-0D-A88,Campus Central,acceso,0.0254,1,0,0.0909,0.2771,40
ODO-0B-A52,Campus Paraiso,acceso,0.0254,1,0,0.0909,0.2771,41
ENF-2B-A22,Campus Paraiso,acceso,0.0254,1,0,0.0909,0.2771,42
ARQ-1E-A91,Campus Central,acceso,0.0254,1,0,0.0909,0.2771,43
ARQ-0A-A85,Campus Central,acceso,0.0254,1,0,0.0909,0.2771,44
QUIN-1A-A117,Campus Balzay,acceso,0.0254,1,0,0.0909,0.2771,45
POS-2C-A33,Campus Paraiso,acceso,0.0254,1,0,0.0909,0.2771,46
MON-1B-A67,Campus Central,acceso,0.0254,1,0,0.0909,0.2771,47
INV-1B-A62,Campus Paraiso,acceso,0.0254,1,0,0.0909,0.2771,48
AETUC-0A-A76,Campus Central,acceso,0.0254,1,0,0.0909,0.2771,49
TECMED-1A-A41,Campus Paraiso,acceso,0.0254,1,0,0.0909,0.2771,50
QUI-2A-A82,Campus Central,acceso,0.0254,1,0,0.0909,0.2771,51
POST-1A-A65,Campus Central,acceso,0.0254,1,0,0.0909,0.2771,52
PRO-1A-A73,Campus Central,acceso,0.0254,1,0,0.0909,0.2771,53
DATCC-2A-C2,Campus Central,core,0.3818,0,0,0.5455,0.2427,54
PE2-BALZAY,Campus Balzay,wan,0.3269,0,0,0.5455,0.2235,55
DT-0A-C12,Campus Balzay,core,0.1865,0,0,0.4545,0.1562,56
PE1-CENTRAL,Campus Central,wan,0.1511,0,0,0.3636,0.1256,57
SW-ARUBA-CENTRO-HISTORICO,Sede Centro Historico,acceso,0.0216,0,0,0.3636,0.0803,58
SW-ARUBA-MUSEO,Sede Museo,acceso,0.0162,0,0,0.3636,0.0784,59
ROUTER-L2TP-BALZAY,Campus Balzay,wan,0.0318,0,0,0.2727,0.0657,60
ROUTER-CAMPUS-MUSEO,Sede Museo,wan,0.0099,0,0,0.2727,0.058,61
ROUTER-CAMPUS-CENTRO-HISTORICO,Sede Centro Historico,wan,0.0099,0,0,0.2727,0.058,62
PE1-BALZAY,Campus Balzay,wan,0.0125,0,0,0.0909,0.0226,63
AUL2-0A-A121,Campus Balzay,acceso,0.0,0,0,0.0909,0.0182,64
AUL2-0A-A119,Campus Balzay,acceso,0.0,0,0,0.0909,0.0182,65
ART-0A-A15,Campus Yanuncay,acceso,0.0,0,0,0.0909,0.0182,66
ARQ-0A-A84,Campus Central,acceso,0.0,0,0,0.0909,0.0182,67
ARQ-0D-A90,Campus Central,acceso,0.0,0,0,0.0909,0.0182,68
ARQ-0D-A89,Campus Central,acceso,0.0,0,0,0.0909,0.0182,69
AGRPRI-1A-A19,Campus Yanuncay,acceso,0.0,0,0,0.0909,0.0182,70
ANF-0A-A14,Campus Yanuncay,acceso,0.0,0,0,0.0909,0.0182,71
AETUCCF-2A-A79,Campus Central,acceso,0.0,0,0,0.0909,0.0182,72
AETUC-0A-A97,Campus Central,acceso,0.0,0,0,0.0909,0.0182,73
ARQ-0B-A87,Campus Central,acceso,0.0,0,0,0.0909,0.0182,74
ARQ-1C-A86,Campus Central,acceso,0.0,0,0,0.0909,0.0182,75
ARQ-1C-A96,Campus Central,acceso,0.0,0,0,0.0909,0.0182,76
ARQ-1E-A92,Campus Central,acceso,0.0,0,0,0.0909,0.0182,77
ARQ-0G-A93-CEPAUC,Campus Central,acceso,0.0,0,0,0.0909,0.0182,78
AUL2-0A-A120,Campus Balzay,acceso,0.0,0,0,0.0909,0.0182,79
AUL2-0A-A123,Campus Balzay,acceso,0.0,0,0,0.0909,0.0182,80
AUL2-0A-A122,Campus Balzay,acceso,0.0,0,0,0.0909,0.0182,81
CC-BLOQUE-IQ,Campus Central,agregacion,0.0,0,0,0.0909,0.0182,82
BIB-2A-A16,Campus Yanuncay,acceso,0.0,0,0,0.0909,0.0182,83
BLOQUED-0A-A21,Campus Yanuncay,acceso,0.0,0,0,0.0909,0.0182,84
AUL1-2A-A110,Campus Balzay,acceso,0.0,0,0,0.0909,0.0182,85
AUL1-3A-A112,Campus Balzay,acceso,0.0,0,0,0.0909,0.0182,86
AUL2-01A-A124-SUBLAB2,Campus Balzay,acceso,0.0,0,0,0.0909,0.0182,87
AUL1-2A-A111,Campus Balzay,acceso,0.0,0,0,0.0909,0.0182,88
AUL1-3A-A104,Campus Balzay,acceso,0.0,0,0,0.0909,0.0182,89
AUL2-0A-A106,Campus Balzay,acceso,0.0,0,0,0.0909,0.0182,90
AUL2-01A-A24-SUB,Campus Balzay,acceso,0.0,0,0,0.0909,0.0182,91
AUL2-0A-A118,Campus Balzay,acceso,0.0,0,0,0.0909,0.0182,92
FILOA-0B-A56,Campus Central,acceso,0.0,0,0,0.0909,0.0182,93
CREDU-0B-A94,Campus Central,acceso,0.0,0,0,0.0909,0.0182,94
CTBLOQ1-0A-A101,Campus Balzay,acceso,0.0,0,0,0.0909,0.0182,95
ECOK3-0A-A63,Campus Central,acceso,0.0,0,0,0.0909,0.0182,96
ECOK1-1A-A101,Campus Central,acceso,0.0,0,0,0.0909,0.0182,97
EA-1A-A116,Campus Balzay,acceso,0.0,0,0,0.0909,0.0182,98
EA-1A-A115,Campus Balzay,acceso,0.0,0,0,0.0909,0.0182,99
EA-0A-A114,Campus Balzay,acceso,0.0,0,0,0.0909,0.0182,100
DAN-1A-A11,Campus Yanuncay,acceso,0.0,0,0,0.0909,0.0182,101
CMED-0A-A42,Campus Central,acceso,0.0,0,0,0.0909,0.0182,102
CEA-0A-A108,Campus Balzay,acceso,0.0,0,0,0.0909,0.0182,103
CCJ-1A-A10,Campus Central,acceso,0.0,0,0,0.0909,0.0182,104
CCJ-1A-A11,Campus Central,acceso,0.0,0,0,0.0909,0.0182,105
CTBLOQ3-0A-A103,Campus Balzay,acceso,0.0,0,0,0.0909,0.0182,106
CTBLOQ2-0A-A102,Campus Balzay,acceso,0.0,0,0,0.0909,0.0182,107
CEN-1A-A20,Campus Yanuncay,acceso,0.0,0,0,0.0909,0.0182,108
CENDIA-0A-A19,Campus Paraiso,acceso,0.0,0,0,0.0909,0.0182,109
CCADM-2A-A45,Campus Central,acceso,0.0,0,0,0.0909,0.0182,110
CCBIB-1A-A71,Campus Central,acceso,0.0,0,0,0.0909,0.0182,111
CCADM-2A-A43,Campus Central,acceso,0.0,0,0,0.0909,0.0182,112
CCADM-2A-A44,Campus Central,acceso,0.0,0,0,0.0909,0.0182,113
MEDADM-0G-A17,Campus Paraiso,acceso,0.0,0,0,0.0909,0.0182,114
MEDADM-0F-A16,Campus Paraiso,acceso,0.0,0,0,0.0909,0.0182,115
LAC-0A-A17,Campus Yanuncay,acceso,0.0,0,0,0.0909,0.0182,116
LABMAC-1A-A13,Campus Yanuncay,acceso,0.0,0,0,0.0909,0.0182,117
LAB-1A-A18,Campus Yanuncay,acceso,0.0,0,0,0.0909,0.0182,118
JUR-1A-A62,Campus Central,acceso,0.0,0,0,0.0909,0.0182,119
JUR-1A-A61,Campus Central,acceso,0.0,0,0,0.0909,0.0182,120
JUR-0A-A60,Campus Central,acceso,0.0,0,0,0.0909,0.0182,121
JUR-0A-A59,Campus Central,acceso,0.0,0,0,0.0909,0.0182,122
INV-1B-A162,Campus Paraiso,acceso,0.0,0,0,0.0909,0.0182,123
INV-1A-A61,Campus Paraiso,acceso,0.0,0,0,0.0909,0.0182,124
INV-1A-A161,Campus Paraiso,acceso,0.0,0,0,0.0909,0.0182,125
HOS-1A-A12,Campus Hospitalidad,acceso,0.0,0,0,0.0909,0.0182,126
HOS-2A-A11,Campus Hospitalidad,acceso,0.0,0,0,0.0909,0.0182,127
HOS-0A-A10,Campus Hospitalidad,acceso,0.0,0,0,0.0909,0.0182,128
HOS-0A-A13,Campus Hospitalidad,acceso,0.0,0,0,0.0909,0.0182,129
ECOK1-1A-A102,Campus Central,acceso,0.0,0,0,0.0909,0.0182,130
ECOK2-1A-A52,Campus Central,acceso,0.0,0,0,0.0909,0.0182,131
FILOB-1B-A58,Campus Central,acceso,0.0,0,0,0.0909,0.0182,132
FILOB-2A-A57,Campus Central,acceso,0.0,0,0,0.0909,0.0182,133
FILOA-2A-A55,Campus Central,acceso,0.0,0,0,0.0909,0.0182,134
ENF-2B-A122,Campus Paraiso,acceso,0.0,0,0,0.0909,0.0182,135
ENF-3A-A21,Campus Paraiso,acceso,0.0,0,0,0.0909,0.0182,136
ODO-0B-A152,Campus Paraiso,acceso,0.0,0,0,0.0909,0.0182,137
ODO-0C-A153,Campus Paraiso,acceso,0.0,0,0,0.0909,0.0182,138
MON-0A-A103,Campus Central,acceso,0.0,0,0,0.0909,0.0182,139
MEDADM-1A-A11,Campus Paraiso,acceso,0.0,0,0,0.0909,0.0182,140
MEDADM-1B-A12,Campus Paraiso,acceso,0.0,0,0,0.0909,0.0182,141
MEDADM-1E-A15,Campus Paraiso,acceso,0.0,0,0,0.0909,0.0182,142
MEDADM-1H-A18,Campus Paraiso,acceso,0.0,0,0,0.0909,0.0182,143
MEDADM-1C-A13,Campus Paraiso,acceso,0.0,0,0,0.0909,0.0182,144
MEDADM-1D-A14,Campus Paraiso,acceso,0.0,0,0,0.0909,0.0182,145
POSLAB-0D-A34,Campus Paraiso,acceso,0.0,0,0,0.0909,0.0182,146
POS-2C-A133,Campus Paraiso,acceso,0.0,0,0,0.0909,0.0182,147
POS-0A-A31,Campus Paraiso,acceso,0.0,0,0,0.0909,0.0182,148
POS-1B-A32,Campus Paraiso,acceso,0.0,0,0,0.0909,0.0182,149
POS-0A-A131,Campus Paraiso,acceso,0.0,0,0,0.0909,0.0182,150
ODO-0C-A54,Campus Paraiso,acceso,0.0,0,0,0.0909,0.0182,151
ODO-0C-A154,Campus Paraiso,acceso,0.0,0,0,0.0909,0.0182,152
ODO-1A-A51,Campus Paraiso,acceso,0.0,0,0,0.0909,0.0182,153
ODO-1A-A151,Campus Paraiso,acceso,0.0,0,0,0.0909,0.0182,154
MICRORED-1A-A109,Campus Balzay,acceso,0.0,0,0,0.0909,0.0182,155
MON-1B-A68,Campus Central,acceso,0.0,0,0,0.0909,0.0182,156
MON-0A-A104,Campus Central,acceso,0.0,0,0,0.0909,0.0182,157
MON-1C-A105,Campus Central,acceso,0.0,0,0,0.0909,0.0182,158
MON-1C-A106,Campus Central,acceso,0.0,0,0,0.0909,0.0182,159
QUI-1A-A83,Campus Central,acceso,0.0,0,0,0.0909,0.0182,160
QUI-0A-A78,Campus Central,acceso,0.0,0,0,0.0909,0.0182,161
QUI-2A-A81,Campus Central,acceso,0.0,0,0,0.0909,0.0182,162
QUIN-1A-A128,Campus Balzay,acceso,0.0,0,0,0.0909,0.0182,163
POST-2A-A66,Campus Central,acceso,0.0,0,0,0.0909,0.0182,164
PRO-3A-A74,Campus Central,acceso,0.0,0,0,0.0909,0.0182,165
PSIC-1A-A53,Campus Central,acceso,0.0,0,0,0.0909,0.0182,166
PSIC-2B-A54,Campus Central,acceso,0.0,0,0,0.0909,0.0182,167
TALL-0A-A12,Campus Yanuncay,acceso,0.0,0,0,0.0909,0.0182,168
TEAT-0A-A75,Campus Central,acceso,0.0,0,0,0.0909,0.0182,169
TECMED-1A-A141,Campus Paraiso,acceso,0.0,0,0,0.0909,0.0182,170
TECMED-0B-A42,Campus Paraiso,acceso,0.0,0,0,0.0909,0.0182,171
TECMED-2C-A43,Campus Paraiso,acceso,0.0,0,0,0.0909,0.0182,172
TECMED-3D-A44,Campus Paraiso,acceso,0.0,0,0,0.0909,0.0182,173
TECQUI-0A-A11,Campus Central,acceso,0.0,0,0,0.0909,0.0182,174
TECQUI-0A-A12,Campus Central,acceso,0.0,0,0,0.0909,0.0182,175
VIN-0A-A72,Campus Central,acceso,0.0,0,0,0.0909,0.0182,176
VLIR-0A-A107,Campus Balzay,acceso,0.0,0,0,0.0909,0.0182,177
