nodo,campus,louvain,kmeans
AETUC-0A-A76,Campus Central,0,1
AETUC-0A-A97,Campus Central,0,1
AETUCCF-2A-A79,Campus Central,0,1
AGRPRI-1A-A19,Campus Yanuncay,1,2
AGRPRI-1A-D10,Campus Yanuncay,1,2
ANF-0A-A14,Campus Yanuncay,1,2
ARQ-0A-A84,Campus Central,2,7
ARQ-0A-A85,Campus Central,2,7
ARQ-0B-A87,Campus Central,2,7
ARQ-0D-A88,Campus Central,2,7
ARQ-0D-A89,Campus Central,2,7
ARQ-0D-A90,Campus Central,2,7
ARQ-0G-A93-CEPAUC,Campus Central,2,7
ARQ-1C-A86,Campus Central,2,7
ARQ-1C-A96,Campus Central,2,7
ARQ-1E-A91,Campus Central,2,7
ARQ-1E-A92,Campus Central,2,7
ART-0A-A15,Campus Yanuncay,1,2
AUL1-2A-A110,Campus Balzay,3,4
AUL1-2A-A111,Campus Balzay,3,4
AUL1-3A-A104,Campus Balzay,3,4
AUL1-3A-A112,Campus Balzay,3,4
AUL2-01A-A124-SUBLAB2,Campus Balzay,4,4
AUL2-01A-A24-SUB,Campus Balzay,4,4
AUL2-0A-A106,Campus Balzay,4,4
AUL2-0A-A118,Campus Balzay,4,4
AUL2-0A-A119,Campus Balzay,4,4
AUL2-0A-A120,Campus Balzay,4,4
AUL2-0A-A121,Campus Balzay,4,4
AUL2-0A-A122,Campus Balzay,4,4
AUL2-0A-A123,Campus Balzay,4,4
BAL-AUL1-D4,Campus Balzay,3,4
BAL-AUL2-D1,Campus Balzay,4,4
BAL-CENTEC-D2,Campus Balzay,3,4
BAL-EADM-D3,Campus Balzay,3,3
BIB-2A-A16,Campus Yanuncay,1,2
BLOQUED-0A-A21,Campus Yanuncay,1,2
CB-EADMI-D6,Campus Balzay,3,3
CC-ADM-D40,Campus Central,0,1
CC-AETUC-D30,Campus Central,0,1
CC-ARQUITECTURA-D107,Campus Central,2,7
CC-BIBLIOTECA-D112,Campus Central,0,1
CC-BLOQUE-IQ,Campus Central,0,1
CC-ECONOMIA-D51,Campus Central,5,9
CC-FILOSOFIA-A-D108,Campus Central,6,12
CC-FILOSOFIA-B-D111,Campus Central,0,1
CC-JURISPRUDENCIA-D110,Campus Central,0,1
CC-MONJAS-D126,Campus Central,7,1
CC-PROMAS-D31,Campus Central,0,1
CC-PSICOLOGIA-D125,Campus Central,0,1
CC-QUIMICA-D109,Campus Central,8,1
CCADM-2A-A43,Campus Central,0,1
CCADM-2A-A44,Campus Central,0,1
CCADM-2A-A45,Campus Central,0,1
CCBIB-1A-A71,Campus Central,0,1
CCJ-1A-A10,Campus Central,9,5
CCJ-1A-A11,Campus Central,9,5
CCJ-CJURIDICO-D4,Campus Central,9,5
CEA-0A-A108,Campus Balzay,3,4
CEN-1A-A20,Campus Yanuncay,1,2
CENDIA-0A-A19,Campus Paraiso,10,11
CMED-0A-A42,Campus Central,0,1
CP-EADMINA1-D6,Campus Paraiso,10,0
CP-ENFERMERIA-D1,Campus Paraiso,10,13
CP-INVESTIGACION-D5,Campus Paraiso,10,11
CP-ODONTOLOGIA-D4,Campus Paraiso,12,10
CP-POSGRADO-D2,Campus Paraiso,11,6
CP-TECMEDICO-D3,Campus Paraiso,13,8
CPAR-C10,Campus Paraiso,10,13
CREDU-0B-A94,Campus Central,0,1
CTBLOQ1-0A-A101,Campus Balzay,3,4
CTBLOQ2-0A-A102,Campus Balzay,3,4
CTBLOQ3-0A-A103,Campus Balzay,3,4
DAN-1A-A11,Campus Yanuncay,1,2
DATCC-2A-C2,Campus Central,0,1
DATCC-2A-C3,Campus Central,0,1
DT-0A-C12,Campus Balzay,3,4
DT-0A-C13,Campus Balzay,3,4
EA-0A-A114,Campus Balzay,3,3
EA-1A-A115,Campus Balzay,3,3
EA-1A-A116,Campus Balzay,3,3
ECOK1-1A-A101,Campus Central,5,9
ECOK1-1A-A102,Campus Central,5,9
ECOK2-1A-A52,Campus Central,5,9
ECOK3-0A-A63,Campus Central,7,1
ENF-2B-A122,Campus Paraiso,10,13
ENF-2B-A22,Campus Paraiso,10,13
ENF-3A-A21,Campus Paraiso,10,13
FILOA-0B-A56,Campus Central,6,12
FILOA-2A-A55,Campus Central,6,12
FILOB-1B-A58,Campus Central,0,1
FILOB-2A-A57,Campus Central,0,1
FORTIGATE-1800F-BALZAY,Campus Balzay,9,4
FORTIGATE-1800F-CENTRAL,Campus Central,9,5
HOS-0A-A10,Campus Hospitalidad,9,5
HOS-0A-A13,Campus Hospitalidad,9,5
HOS-0A-D05,Campus Hospitalidad,9,5
HOS-1A-A12,Campus Hospitalidad,9,5
HOS-2A-A11,Campus Hospitalidad,9,5
INTERNET-MPLS,Nube MPLS,9,5
INV-1A-A161,Campus Paraiso,10,11
INV-1A-A61,Campus Paraiso,10,11
INV-1B-A162,Campus Paraiso,10,11
INV-1B-A62,Campus Paraiso,10,11
JUR-0A-A59,Campus Central,0,1
JUR-0A-A60,Campus Central,0,1
JUR-1A-A61,Campus Central,0,1
JUR-1A-A62,Campus Central,0,1
LAB-1A-A18,Campus Yanuncay,1,2
LABMAC-1A-A13,Campus Yanuncay,1,2
LAC-0A-A17,Campus Yanuncay,1,2
MEDADM-0F-A16,Campus Paraiso,10,0
MEDADM-0G-A17,Campus Paraiso,10,0
MEDADM-1A-A11,Campus Paraiso,10,0
MEDADM-1B-A12,Campus Paraiso,10,0
MEDADM-1C-A13,Campus Paraiso,10,0
MEDADM-1D-A14,Campus Paraiso,10,0
MEDADM-1E-A15,Campus Paraiso,10,0
MEDADM-1H-A18,Campus Paraiso,10,0
MICRORED-1A-A109,Campus Balzay,4,4
MON-0A-A103,Campus Central,7,1
MON-0A-A104,Campus Central,7,1
MON-1B-A67,Campus Central,7,1
MON-1B-A68,Campus Central,7,1
MON-1C-A105,Campus Central,7,1
MON-1C-A106,Campus Central,7,1
ODO-0B-A152,Campus Paraiso,12,10
ODO-0B-A52,Campus Paraiso,12,10
ODO-0C-A153,Campus Paraiso,12,10
ODO-0C-A154,Campus Paraiso,12,10
ODO-0C-A53,Campus Paraiso,12,10
ODO-0C-A54,Campus Paraiso,12,10
ODO-1A-A151,Campus Paraiso,12,10
ODO-1A-A51,Campus Paraiso,12,10
PE1-BALZAY,Campus Balzay,9,5
PE1-CENTRAL,Campus Central,9,5
PE2-BALZAY,Campus Balzay,9,5
PE2-CENTRAL,Campus Central,9,5
POS-0A-A131,Campus Paraiso,11,6
POS-0A-A31,Campus Paraiso,11,6
POS-1B-A32,Campus Paraiso,11,6
POS-2C-A133,Campus Paraiso,11,6
POS-2C-A33,Campus Paraiso,11,6
POSLAB-0D-A34,Campus Paraiso,11,6
POST-1A-A64,Campus Central,6,12
POST-1A-A65,Campus Central,6,12
POST-2A-A66,Campus Central,6,12
PRO-1A-A73,Campus Central,0,1
PRO-3A-A74,Campus Central,0,1
PSIC-1A-A53,Campus Central,0,1
PSIC-2B-A54,Campus Central,0,1
QUI-0A-A78,Campus Central,8,1
QUI-1A-A83,Campus Central,8,1
QUI-2A-A81,Campus Central,8,1
QUI-2A-A82,Campus Central,8,1
QUIN-1A-A117,Campus Balzay,3,3
QUIN-1A-A128,Campus Balzay,3,3
ROUTER-CAMPUS-CENTRO-HISTORICO,Sede Centro Historico,3,4
ROUTER-CAMPUS-HUAYNA-CAPAC,Campus Paraiso,9,5
ROUTER-CAMPUS-MUSEO,Sede Museo,3,4
ROUTER-CAMPUS-PARAISO,Campus Paraiso,9,5
ROUTER-CAMPUS-YANUNCAY,Campus Yanuncay,9,2
ROUTER-L2TP-BALZAY,Campus Balzay,3,4
SW-ARUBA-CENTRO-HISTORICO,Sede Centro Historico,3,1
SW-ARUBA-MUSEO,Sede Museo,3,1
TALL-0A-A12,Campus Yanuncay,1,2
TEAT-0A-A75,Campus Central,0,1
TECMED-0B-A42,Campus Paraiso,13,8
TECMED-1A-A141,Campus Paraiso,13,8
TECMED-1A-A41,Campus Paraiso,13,8
TECMED-2C-A43,Campus Paraiso,13,8
TECMED-3D-A44,Campus Paraiso,13,8
TECQUI-0A-A10,Campus Central,5,9
TECQUI-0A-A11,Campus Central,5,9
TECQUI-0A-A12,Campus Central,5,9
VIN-0A-A72,Campus Central,0,1
VLIR-0A-A107,Campus Balzay,3,4
