fraccion_eliminada,eficiencia,n_componentes,tamanio_cgc,estrategia
0.0,0.20821202245507564,1.0,177.0,aleatorio
0.05,0.1845054421018053,7.09,155.13,aleatorio
0.1,0.1629411277772742,13.52,135.33,aleatorio
0.15,0.14332490453623276,18.87,116.65,aleatorio
0.2,0.12338074445671282,24.63,98.32,aleatorio
0.25,0.10655072914351849,29.19,81.79,aleatorio
0.3,0.09167147116950414,32.57,67.89,aleatorio
0.35,0.08131708102408998,35.12,58.09,aleatorio
0.4,0.06800246291160612,37.76,46.03,aleatorio
0.45,0.05845925926937932,39.54,36.54,aleatorio
0.5,0.04808689459161876,40.71,27.42,aleatorio
0.55,0.04043818690978496,40.83,20.55,aleatorio
0.6,0.03571021525981283,39.82,16.28,aleatorio
0.65,0.031456498199491326,37.78,12.76,aleatorio
0.7,0.02655977338524508,35.62,9.45,aleatorio
0.75,0.022257178932178934,32.43,6.78,aleatorio
0.8,0.018939417989417992,28.01,4.69,aleatorio
0.85,0.01578205128205128,22.78,3.29,aleatorio
0.9,0.014466230936819173,16.2,2.34,aleatorio
0.95,0.015462962962962963,8.52,1.45,aleatorio
1.0,0.0,0.0,0.0,aleatorio
0.0,0.20821202245507564,1.0,177.0,grado_desc
0.05,0.050000299862936956,55.0,75.0,grado_desc
0.1,0.010560796645702322,86.0,9.0,grado_desc
0.15,0.005364238410596025,105.0,5.0,grado_desc
0.2,0.0035211267605633804,113.0,5.0,grado_desc
0.25,0.0019366598313966736,117.0,3.0,grado_desc
0.3,0.0011146079202727511,116.0,3.0,grado_desc
0.35,0.00014992503748125936,115.0,2.0,grado_desc
0.4,0.0,107.0,1.0,grado_desc
0.45,0.0,98.0,1.0,grado_desc
0.5,0.0,89.0,1.0,grado_desc
0.55,0.0,80.0,1.0,grado_desc
0.6,0.0,71.0,1.0,grado_desc
0.65,0.0,62.0,1.0,grado_desc
0.7,0.0,54.0,1.0,grado_desc
0.75,0.0,45.0,1.0,grado_desc
0.8,0.0,36.0,1.0,grado_desc
0.85,0.0,27.0,1.0,grado_desc
0.9,0.0,18.0,1.0,grado_desc
0.95,0.0,9.0,1.0,grado_desc
1.0,0.0,0.0,0.0,grado_desc
0.0,0.20821202245507564,1.0,177.0,betweenness
0.05,0.039898926368706865,23.0,52.0,betweenness
0.1,0.018051811919736396,63.0,24.0,betweenness
0.15,0.007954378219278887,91.0,6.0,betweenness
0.2,0.00383744547664236,110.0,5.0,betweenness
0.25,0.001822738664843928,117.0,2.0,betweenness
0.3,0.0009179124049305009,117.0,2.0,betweenness
0.35,0.0,116.0,1.0,betweenness
0.4,0.0,107.0,1.0,betweenness
0.45,0.0,98.0,1.0,betweenness
0.5,0.0,89.0,1.0,betweenness
0.55,0.0,80.0,1.0,betweenness
0.6,0.0,71.0,1.0,betweenness
0.65,0.0,62.0,1.0,betweenness
0.7,0.0,54.0,1.0,betweenness
0.75,0.0,45.0,1.0,betweenness
0.8,0.0,36.0,1.0,betweenness
0.85,0.0,27.0,1.0,betweenness
0.9,0.0,18.0,1.0,betweenness
0.95,0.0,9.0,1.0,betweenness
1.0,0.0,0.0,0.0,betweenness
0.0,0.20821202245507564,1.0,177.0,btw_recalc
0.05,0.018180003756926782,45.0,11.0,btw_recalc
0.1,0.009453616352201266,85.0,6.0,btw_recalc
0.15,0.0048050036791758635,109.0,5.0,btw_recalc
0.2,0.0025971431425432026,118.0,3.0,btw_recalc
0.25,0.001594896331738437,119.0,2.0,btw_recalc
0.3,0.0015735641227380016,112.0,2.0,btw_recalc
0.35,0.0017991004497751124,104.0,2.0,btw_recalc
0.4,0.0021160289190618937,95.0,2.0,btw_recalc
0.45,0.0025247212286976647,86.0,2.0,btw_recalc
0.5,0.0030643513789581204,77.0,2.0,btw_recalc
0.55,0.003481012658227848,69.0,2.0,btw_recalc
0.6,0.004426559356136821,60.0,2.0,btw_recalc
0.65,0.005288207297726071,52.0,2.0,btw_recalc
0.7,0.0069881201956673656,44.0,2.0,btw_recalc
0.75,0.00909090909090909,36.0,2.0,btw_recalc
0.8,0.011111111111111112,29.0,2.0,btw_recalc
0.85,0.017094017094017096,21.0,2.0,btw_recalc
0.9,0.026143790849673203,14.0,2.0,btw_recalc
0.95,0.027777777777777776,8.0,2.0,btw_recalc
1.0,0.0,0.0,0.0,btw_recalc
0.0,0.0,0.0,0.0,aleatorio_std
0.05,0.022700626224632137,5.051442438261639,15.47670455356643,aleatorio_std
0.1,0.026559939652973406,7.142814429886722,17.63436440818914,aleatorio_std
0.15,0.03098036955393224,8.404730510224281,20.318859727013734,aleatorio_std
0.2,0.03347455190531967,9.5723243749569,21.653319898488142,aleatorio_std
0.25,0.03586391077760709,10.376444769795002,23.078826274796178,aleatorio_std
0.3,0.033821313934052036,9.500935626441102,21.52137532686041,aleatorio_std
0.35,0.03168370755227589,9.282632855352661,19.92161153272009,aleatorio_std
0.4,0.026180145016984954,8.608335166769143,16.276931063578445,aleatorio_std
0.45,0.024034232354550635,7.803676937019735,14.119561615079279,aleatorio_std
0.5,0.02096622712185183,7.149620319084834,11.292421701246722,aleatorio_std
0.55,0.01918066930795191,7.308573905027748,9.043525503660256,aleatorio_std
0.6,0.017501686610588443,6.501561583981425,7.408812661317942,aleatorio_std
0.65,0.015426775723034095,5.8006965795567,5.777210539366001,aleatorio_std
0.7,0.012944400126968417,4.89852585535236,4.31435236896992,aleatorio_std
0.75,0.011932047006980959,4.151803794433781,3.189566323708183,aleatorio_std
0.8,0.010367979472604667,3.023460456383237,2.048379502401492,aleatorio_std
0.85,0.010481925486923983,2.2633665816275284,1.372861054421559,aleatorio_std
0.9,0.01493532835242287,1.5569978883230462,1.0271073434405456,aleatorio_std
0.95,0.028737173202398145,0.7974707492814992,0.7571210756756961,aleatorio_std
1.0,0.0,0.0,0.0,aleatorio_std
