t,S,I,R,caso,beta,tipo
0,176.0,1.0,0.0,sub_critico,0.0931,media
1,174.43333333333334,2.466666666666667,0.1,sub_critico,0.0931,media
2,172.33333333333334,4.4,0.26666666666666666,sub_critico,0.0931,media
3,169.66666666666666,6.566666666666666,0.7666666666666667,sub_critico,0.0931,media
4,167.2,8.466666666666667,1.3333333333333333,sub_critico,0.0931,media
5,164.33333333333334,10.466666666666667,2.2,sub_critico,0.0931,media
6,161.8,12.266666666666667,2.933333333333333,sub_critico,0.0931,media
7,158.83333333333334,14.233333333333333,3.933333333333333,sub_critico,0.0931,media
8,156.03333333333333,15.766666666666667,5.2,sub_critico,0.0931,media
9,154.16666666666666,15.7,7.133333333333334,sub_critico,0.0931,media
10,151.96666666666667,16.933333333333334,8.1,sub_critico,0.0931,media
11,149.86666666666667,17.566666666666666,9.566666666666666,sub_critico,0.0931,media
12,147.8,17.8,11.4,sub_critico,0.0931,media
13,145.8,18.133333333333333,13.066666666666666,sub_critico,0.0931,media
14,143.9,18.233333333333334,14.866666666666667,sub_critico,0.0931,media
15,142.5,17.366666666666667,17.133333333333333,sub_critico,0.0931,media
16,140.73333333333332,17.533333333333335,18.733333333333334,sub_critico,0.0931,media
17,139.43333333333334,17.433333333333334,20.133333333333333,sub_critico,0.0931,media
18,138.13333333333333,17.133333333333333,21.733333333333334,sub_critico,0.0931,media
19,136.63333333333333,16.566666666666666,23.8,sub_critico,0.0931,media
20,135.53333333333333,15.9,25.566666666666666,sub_critico,0.0931,media
21,134.3,15.533333333333333,27.166666666666668,sub_critico,0.0931,media
22,133.13333333333333,14.866666666666667,29.0,sub_critico,0.0931,media
23,132.4,14.033333333333333,30.566666666666666,sub_critico,0.0931,media
24,131.43333333333334,13.933333333333334,31.633333333333333,sub_critico,0.0931,media
25,130.66666666666666,13.2,33.13333333333333,sub_critico,0.0931,media
26,130.1,12.633333333333333,34.266666666666666,sub_critico,0.0931,media
27,129.46666666666667,12.1,35.43333333333333,sub_critico,0.0931,media
28,128.86666666666667,11.3,36.833333333333336,sub_critico,0.0931,media
29,128.36666666666667,10.666666666666666,37.96666666666667,sub_critico,0.0931,media
30,128.16666666666666,9.966666666666667,38.86666666666667,sub_critico,0.0931,media
31,127.86666666666666,9.3,39.833333333333336,sub_critico,0.0931,media
32,127.3,9.066666666666666,40.63333333333333,sub_critico,0.0931,media
33,127.03333333333333,8.133333333333333,41.833333333333336,sub_critico,0.0931,media
34,126.53333333333333,7.8,42.666666666666664,sub_critico,0.0931,media
35,126.4,7.333333333333333,43.266666666666666,sub_critico,0.0931,media
36,126.16666666666667,6.9,43.93333333333333,sub_critico,0.0931,media
37,125.9,6.3,44.8,sub_critico,0.0931,media
38,125.66666666666667,6.0,45.333333333333336,sub_critico,0.0931,media
39,125.3,5.766666666666667,45.93333333333333,sub_critico,0.0931,media
40,125.1,5.666666666666667,46.233333333333334,sub_critico,0.0931,media
41,125.03333333333333,5.166666666666667,46.8,sub_critico,0.0931,media
42,124.86666666666666,4.633333333333334,47.5,sub_critico,0.0931,media
43,124.7,4.266666666666667,48.03333333333333,sub_critico,0.0931,media
44,124.56666666666666,4.033333333333333,48.4,sub_critico,0.0931,media
45,124.46666666666667,3.8666666666666667,48.666666666666664,sub_critico,0.0931,media
46,124.33333333333333,3.7666666666666666,48.9,sub_critico,0.0931,media
47,124.13333333333334,3.533333333333333,49.333333333333336,sub_critico,0.0931,media
48,124.06666666666666,3.1,49.833333333333336,sub_critico,0.0931,media
49,123.9,2.933333333333333,50.166666666666664,sub_critico,0.0931,media
50,123.8,2.8,50.4,sub_critico,0.0931,media
0,0.0,0.0,0.0,sub_critico,0.0931,std
1,1.2297244497131148,1.284090685617215,0.29999999999999993,sub_critico,0.0931,std
2,2.3285665595430634,2.4440403706431146,0.5120763831912403,sub_critico,0.0931,std
3,3.515047020390419,3.499365021765457,0.7608474807008884,sub_critico,0.0931,std
4,4.908496035786656,4.667142832849904,1.0110500592068734,sub_critico,0.0931,std
5,5.83285712341921,5.2072598893809365,1.3515423288475528,sub_critico,0.0931,std
6,6.615134163416491,5.744175794276805,1.9652537297311565,sub_critico,0.0931,std
7,7.598610984179206,6.601430821336301,2.14372469210847,sub_critico,0.0931,std
8,8.236031946406122,6.681732975475416,2.6882460204874605,sub_critico,0.0931,std
9,8.839620404117413,6.7928884381633505,3.6581719782183866,sub_critico,0.0931,std
10,9.819990948174148,7.5274313163404045,3.806573262134856,sub_critico,0.0931,std
11,10.601048166206123,8.093962084308416,4.31804997140556,sub_critico,0.0931,std
12,11.376584138776748,8.243785538209979,4.841487374764082,sub_critico,0.0931,std
13,12.139192724394816,8.301539348551904,5.353711070110361,sub_critico,0.0931,std
14,12.663201280350345,8.155502573246006,6.053832578531462,sub_critico,0.0931,std
15,13.30100246848585,7.467633865928052,7.008249107698409,sub_critico,0.0931,std
16,14.054497105513553,7.710310557227179,7.584780081774876,sub_critico,0.0931,std
17,14.718884317622567,7.948514885743682,7.994720480139098,sub_critico,0.0931,std
18,15.611391851963601,8.081803979035593,8.86165271768697,sub_critico,0.0931,std
19,16.320709407239487,7.919104887689151,9.792514147721889,sub_critico,0.0931,std
20,16.90509456413132,7.8839499406494635,10.219860838365438,sub_critico,0.0931,std
21,17.218497805170657,7.219110440736833,10.930334954713063,sub_critico,0.0931,std
22,17.566508538187726,6.941341529000157,11.604596790352806,sub_critico,0.0931,std
23,17.857958076629778,6.685722764884055,11.85097276832394,sub_critico,0.0931,std
24,18.1193880200801,6.632914559645371,12.424393568925426,sub_critico,0.0931,std
25,18.497447271327886,6.3686733312362644,13.225564470205255,sub_critico,0.0931,std
26,18.97955039860885,6.400434013061579,13.684378766397186,sub_critico,0.0931,std
27,19.174172443390848,6.352689719061262,13.949153697944865,sub_critico,0.0931,std
28,19.440050297145724,6.011932578907829,14.484666221751729,sub_critico,0.0931,std
29,19.58993505746141,6.182412330330468,14.929798688826613,sub_critico,0.0931,std
30,19.58585090200463,5.659701601871093,15.376894643876863,sub_critico,0.0931,std
31,19.72939149819094,5.080354318352215,15.748192136101068,sub_critico,0.0931,std
32,20.00191657483519,5.105117258420438,16.082046580650804,sub_critico,0.0931,std
33,20.102211044780347,4.869861964733246,16.62544903320074,sub_critico,0.0931,std
34,20.38746891815874,4.798610910114163,16.868774571839996,sub_critico,0.0931,std
35,20.450916849862747,4.763285514105667,17.03121317529148,sub_critico,0.0931,std
36,20.53952828626359,4.459820624195552,17.23355899271986,sub_critico,0.0931,std
37,20.709659581943882,4.290687590584987,17.652950650434242,sub_critico,0.0931,std
38,20.837999477450378,4.1952353926806065,17.92453315679069,sub_critico,0.0931,std
39,21.073126646671742,4.168799454146108,18.295597527517074,sub_critico,0.0931,std
40,21.101895649443442,4.181971890016585,18.451166780330055,sub_critico,0.0931,std
41,21.14628940394876,4.033884259894205,18.882796403075478,sub_critico,0.0931,std
42,21.217498019847252,3.7901920209345015,19.064364662899205,sub_critico,0.0931,std
43,21.34502283906016,3.7941475400352522,19.232755623906023,sub_critico,0.0931,std
44,21.444009782583937,3.7637156581702023,19.40034363956817,sub_critico,0.0931,std
45,21.4736013643626,3.639902318591652,19.495868508196526,sub_critico,0.0931,std
46,21.539627563065146,3.675897471668956,19.67290861396284,sub_critico,0.0931,std
47,21.685222823132094,3.547142825179474,19.89193024542588,sub_critico,0.0931,std
48,21.748460992804883,3.165964834506748,20.15123376426918,sub_critico,0.0931,std
49,21.8026756767757,3.0760725320158206,20.24859391551808,sub_critico,0.0931,std
50,21.87449047025629,2.982169232846006,20.42318943423545,sub_critico,0.0931,std
0,176.0,1.0,0.0,sobre_critico,0.3722,media
1,169.63333333333333,7.266666666666667,0.1,sobre_critico,0.3722,media
2,158.13333333333333,18.1,0.7666666666666667,sobre_critico,0.3722,media
3,144.23333333333332,30.366666666666667,2.4,sobre_critico,0.3722,media
4,130.6,41.13333333333333,5.266666666666667,sobre_critico,0.3722,media
5,117.76666666666667,50.166666666666664,9.066666666666666,sobre_critico,0.3722,media
6,107.86666666666666,55.233333333333334,13.9,sobre_critico,0.3722,media
7,96.63333333333334,60.36666666666667,20.0,sobre_critico,0.3722,media
8,87.06666666666666,63.46666666666667,26.466666666666665,sobre_critico,0.3722,media
9,78.43333333333334,65.7,32.86666666666667,sobre_critico,0.3722,media
10,70.23333333333333,66.96666666666667,39.8,sobre_critico,0.3722,media
11,64.13333333333334,66.2,46.666666666666664,sobre_critico,0.3722,media
12,57.8,65.43333333333334,53.766666666666666,sobre_critico,0.3722,media
13,53.233333333333334,63.733333333333334,60.03333333333333,sobre_critico,0.3722,media
14,50.13333333333333,60.9,65.96666666666667,sobre_critico,0.3722,media
15,47.13333333333333,58.233333333333334,71.63333333333334,sobre_critico,0.3722,media
16,44.63333333333333,54.93333333333333,77.43333333333334,sobre_critico,0.3722,media
17,42.46666666666667,51.7,82.83333333333333,sobre_critico,0.3722,media
18,40.833333333333336,47.63333333333333,88.53333333333333,sobre_critico,0.3722,media
19,39.9,43.833333333333336,93.26666666666667,sobre_critico,0.3722,media
20,38.5,40.53333333333333,97.96666666666667,sobre_critico,0.3722,media
21,37.766666666666666,37.9,101.33333333333333,sobre_critico,0.3722,media
22,37.266666666666666,35.1,104.63333333333334,sobre_critico,0.3722,media
23,36.8,31.2,109.0,sobre_critico,0.3722,media
24,36.666666666666664,28.2,112.13333333333334,sobre_critico,0.3722,media
25,36.43333333333333,25.166666666666668,115.4,sobre_critico,0.3722,media
26,36.36666666666667,22.633333333333333,118.0,sobre_critico,0.3722,media
27,36.3,20.633333333333333,120.06666666666666,sobre_critico,0.3722,media
28,36.3,18.4,122.3,sobre_critico,0.3722,media
29,36.266666666666666,16.8,123.93333333333334,sobre_critico,0.3722,media
30,36.233333333333334,15.0,125.76666666666667,sobre_critico,0.3722,media
31,36.233333333333334,13.2,127.56666666666666,sobre_critico,0.3722,media
32,36.2,11.933333333333334,128.86666666666667,sobre_critico,0.3722,media
33,36.2,10.366666666666667,130.43333333333334,sobre_critico,0.3722,media
34,36.2,9.4,131.4,sobre_critico,0.3722,media
35,36.2,8.433333333333334,132.36666666666667,sobre_critico,0.3722,media
36,36.2,7.666666666666667,133.13333333333333,sobre_critico,0.3722,media
37,36.2,6.7,134.1,sobre_critico,0.3722,media
38,36.2,6.1,134.7,sobre_critico,0.3722,media
39,36.2,5.6,135.2,sobre_critico,0.3722,media
40,36.2,4.933333333333334,135.86666666666667,sobre_critico,0.3722,media
41,36.2,4.466666666666667,136.33333333333334,sobre_critico,0.3722,media
42,36.2,4.133333333333334,136.66666666666666,sobre_critico,0.3722,media
43,36.2,3.7333333333333334,137.06666666666666,sobre_critico,0.3722,media
44,36.2,3.3,137.5,sobre_critico,0.3722,media
45,36.2,2.933333333333333,137.86666666666667,sobre_critico,0.3722,media
46,36.2,2.466666666666667,138.33333333333334,sobre_critico,0.3722,media
47,36.2,2.2,138.6,sobre_critico,0.3722,media
48,36.2,1.9333333333333333,138.86666666666667,sobre_critico,0.3722,media
49,36.2,1.7,139.1,sobre_critico,0.3722,media
50,36.2,1.5666666666666667,139.23333333333332,sobre_critico,0.3722,media
0,0.0,0.0,0.0,sobre_critico,0.3722,std
1,2.0572365498945966,2.1281186266016485,0.29999999999999993,sobre_critico,0.3722,std
2,4.3949465930265355,4.504442251822083,1.0225241100118645,sobre_critico,0.3722,std
3,6.761081438810083,6.564974401236373,1.451436070471816,sobre_critico,0.3722,std
4,7.939773296511683,7.482126851519041,1.8785337071473827,sobre_critico,0.3722,std
5,9.336963579713101,8.888506936238254,2.780087928265739,sobre_critico,0.3722,std
6,11.33941013555036,10.391289086965529,3.438507428134093,sobre_critico,0.3722,std
7,13.047307086990106,11.1638802493677,4.066120181860509,sobre_critico,0.3722,std
8,14.014119863750118,11.362902602572793,5.661173808397768,sobre_critico,0.3722,std
9,14.838426092038494,11.80155357004605,6.611774009715967,sobre_critico,0.3722,std
10,15.195796202312739,11.777049243715036,7.747687827130535,sobre_critico,0.3722,std
11,15.963987249083134,12.61057757070098,8.599741598185119,sobre_critico,0.3722,std
12,17.34435546991201,14.291450435682012,9.315518712819424,sobre_critico,0.3722,std
13,17.89540599024106,14.64680473307707,9.364768490939264,sobre_critico,0.3722,std
14,18.165412800765694,13.284953895290716,10.409877787733896,sobre_critico,0.3722,std
15,18.471118596939988,12.465106854290857,11.18774130714308,sobre_critico,0.3722,std
16,18.852910179126784,12.140657130302115,11.623778310954755,sobre_critico,0.3722,std
17,18.90984458482465,11.87476315553283,12.080516913149408,sobre_critico,0.3722,std
18,19.328878797166578,11.001464548969027,12.77167003784374,sobre_critico,0.3722,std
19,19.315537786973472,10.764396045399957,12.868393666482056,sobre_critico,0.3722,std
20,19.692215043852567,11.089734993327038,13.543715229663619,sobre_critico,0.3722,std
21,19.72085754276985,10.643777524920369,14.010313661331386,sobre_critico,0.3722,std
22,19.79551015311862,10.724893161861022,14.010670536733382,sobre_critico,0.3722,std
23,19.987329319679837,10.137060717979349,14.710540438746634,sobre_critico,0.3722,std
24,20.022209890241612,9.403545430669576,15.167362621394958,sobre_critico,0.3722,std
25,19.900893335615752,8.274794391537606,15.778888849768014,sobre_critico,0.3722,std
26,19.85863931782728,7.756645895975628,16.0312195418814,sobre_critico,0.3722,std
27,19.889947209583035,7.516574278811386,16.342038496534702,sobre_critico,0.3722,std
28,19.889947209583035,6.575712889109439,16.579404894828606,sobre_critico,0.3722,std
29,19.909684968767223,6.2843721510850505,16.78875284892306,sobre_critico,0.3722,std
30,19.93101993264658,5.921711464320654,17.431166213296102,sobre_critico,0.3722,std
31,19.93101993264658,5.44303836718672,17.704393679410643,sobre_critico,0.3722,std
32,19.95394697797907,5.039400317057135,17.9066716306769,sobre_critico,0.3722,std
33,19.95394697797907,4.708030963742226,18.28420690711583,sobre_critico,0.3722,std
34,19.95394697797907,4.476605857119878,18.115555010358733,sobre_critico,0.3722,std
35,19.95394697797907,3.9890126876486898,18.236380001402573,sobre_critico,0.3722,std
36,19.95394697797907,3.8064273129653854,18.380666170976742,sobre_critico,0.3722,std
37,19.95394697797907,3.4942810419312296,18.589154544160056,sobre_critico,0.3722,std
38,19.95394697797907,3.330165161069343,18.92995861943003,sobre_critico,0.3722,std
39,19.95394697797907,3.2310988842807027,18.970854839287902,sobre_critico,0.3722,std
40,19.95394697797907,2.8859814429217816,19.03633951741306,sobre_critico,0.3722,std
41,19.95394697797907,2.3485219938411386,19.253282548409477,sobre_critico,0.3722,std
42,19.95394697797907,2.1561282171728307,19.32068551808887,sobre_critico,0.3722,std
43,19.95394697797907,1.9988885800753264,19.36135899729723,sobre_critico,0.3722,std
44,19.95394697797907,2.0190756961210408,19.38513175950407,sobre_critico,0.3722,std
45,19.95394697797907,1.8607047649270485,19.374783152908368,sobre_critico,0.3722,std
46,19.95394697797907,1.6478942792411035,19.453077448625507,sobre_critico,0.3722,std
47,19.95394697797907,1.6206994374857624,19.540726700918775,sobre_critico,0.3722,std
48,19.95394697797907,1.5902480589168748,19.659998869673302,sobre_critico,0.3722,std
49,19.95394697797907,1.4866068747318504,19.70507548831011,sobre_critico,0.3722,std
50,19.95394697797907,1.4067298564006128,19.796773025476206,sobre_critico,0.3722,std
